"Chromosome"	"rsIdentifier"	"HGVS genomic"	"HGVS cDNA"	"HGVS protein"
1	"rs56025621"	"NC_000001.10:g.145415273C>G"	"NM_213653.3:c.98-6C>G"	
1		"NC_000001.10:g.145415377G>T"	"NM_213653.3:c.196G>T"	
1		"NC_000001.10:g.145415401delG"	"NM_213653.3:c.220delG"	
1	"rs28940586"	"NC_000001.10:g.145415419T>C"	"NM_213653.3:c.238T>C"	
1		"NC_000001.10:g.145415434T>C"	"NM_213653.3:c.253T>C"	
1		"NC_000001.10:g.145415476G>A"	"NM_213653.3:c.295G>A"	
1		"NC_000001.10:g.145415477G>T"	"NM_213653.3:c.296G>T"	
1	"rs74315327"	"NC_000001.10:g.145415483T>C"		
1		"NC_000001.10:g.145415527C>T"	"NM_213653.3:c.346C>T"	
1		"NC_000001.10:g.145415572_145415584del"	"NM_213653.3:c.391_403del"	
1		"NC_000001.10:g.145415585T>G"	"NM_213653.3:c.404T>G"	
1		"NC_000001.10:g.145415626delG"	"NM_213653.3:c.445delG"	
1		"NC_000001.10:g.145415675T>A"	"NM_213653.3:c.494T>A"	
1		"NC_000001.10:g.145415684C>A"	"NM_213653.3:c.503C>A"	
1		"NC_000001.10:g.145415690T>C"	"NM_213653.3:c.509T>C"	
1		"NC_000001.10:g.145415697C>G"	"NM_213653.3:c.516C>G"	
1		"NC_000001.10:g.145415707C>T"	"NM_213653.3:c.526C>T"	
1		"NC_000001.10:g.145415754G>T"	"NM_213653.3:c.573G>T"	
1		"NC_000001.10:g.145415796C>G"	"NM_213653.3:c.615C>G"	
1	"rs74315325"	"NC_000001.10:g.145416320T>A"	"NM_213653.3:c.665T>A"	
1		"NC_000001.10:g.145416400G>C"	"NM_213653.3:c.745G>C"	
1		"NC_000001.10:g.145416404G>T"	"NM_213653.3:c.749G>T"	
1		"NC_000001.10:g.145416461_145416462insA"	"NM_213653.3:c.806_807insA"	
1	"rs74315326"	"NC_000001.10:g.145416497T>C"	"NM_213653.3:c.842T>C"	
1		"NC_000001.10:g.145416517C>T"	"NM_213653.3:c.862C>T"	
1		"NC_000001.10:g.145416589C>T"	"NM_213653.3:c.934C>T"	
1		"NC_000001.10:g.145416609_145416610insG"	"NM_213653.3:c.954_955insG"	
1	"rs74315323"	"NC_000001.10:g.145416614G>T"	"NM_213653.3:c.959G>T"	
1	"rs74315324"	"NC_000001.10:g.145416631C>T"	"NM_213653.3:c.976C>T"	
1		"NC_000001.10:g.145416635_145416638delTCTC"	"NM_213653.3:c.980_983delTCTC"	
1		"NC_000001.10:g.145416808C>T"	"NM_213653.3:c.1153C>T"	
2		"NC_000002.11:g.190426851C>T"	"NM_014585.5:c.1469G>A"	
2		"NC_000002.11:g.190428310C>T"	"NM_014585.5:c.1402G>A"	
2		"NC_000002.11:g.190428735C>T"	"NM_014585.5:c.977G>A"	
2	"rs104893671"	"NC_000002.11:g.190428744C>A"	"NM_014585.5:c.968G>T"	
2		"NC_000002.11:g.190428903T>A"	"NM_014585.5:c.809A>T"	
2	"rs104893664"	"NC_000002.11:g.190428912C>T"	"NM_014585.5:c.800G>A"	
2		"NC_000002.11:g.190430096C>A"	"NM_014585.5:c.744G>T"	
2	"rs104893670"	"NC_000002.11:g.190430294C>A"	"NM_014585.5:c.546G>T"	
2	"rs104893672"	"NC_000002.11:g.190430298T>A"	"NM_014585.5:c.542A>T"	
2		"NC_000002.11:g.190430319T>A"	"NM_014585.5:c.521A>T"	
2		"NC_000002.11:g.190436469_190436471delAAC"	"NM_014585.5:c.484_486delGTT"	
2	"rs104893663"	"NC_000002.11:g.190436485T>C"	"NM_014585.5:c.470A>G"	
2		"NC_000002.11:g.190436524T>G"	"NM_014585.5:c.431A>C"	
2	"rs104893662"	"NC_000002.11:g.190436525C>G"	"NM_014585.5:c.430G>C"	
2	"rs104893673"	"NC_000002.11:g.190439919C>A"	"NM_014585.5:c.239G>T"	
2		"NC_000002.11:g.190439920C>T"	"NM_014585.5:c.238G>A"	
2	"rs28939076"	"NC_000002.11:g.190439928G>T"	"NM_014585.5:c.230C>A"	
2		"NC_000002.11:g.190439968A>C"	"NM_014585.5:c.190T>G"	
6	"rs1799945"	"NC_000002.11:g.26091179C>G"	"NM_000410.3:c.187C>G"	
6	"rs1800730"	"NC_000002.11:g.26091185A>T"	"NM_000410.3:c.193A>T"	
6		"NC_000006.11:g.26087686G>C"	"NM_000410.3:c.18G>C"	
6		"NC_000006.11:g.26091129T>G"	"NM_000410.3:c.137T>G"	
6		"NC_000006.11:g.26091141_26091162del"	"NM_000410.3:c.149_170del"	
6		"NC_000006.11:g.26091149G>A"	"NM_000410.3:c.157G>A"	
6		"NC_000006.11:g.26091167G>A"	"NM_000410.3:c.175G>A"	
6		"NC_000006.11:g.26091195delT"	"NM_000410.3:c.203delT"	
6		"NC_000006.11:g.26091203C>T"	"NM_000410.3:c.211C>T"	
6		"NC_000006.11:g.26091269G>C"	"NM_000410.3:c.277G>C"	
6		"NC_000006.11:g.26091306T>C"	"NM_000410.3:c.314T>C"	
6		"NC_000006.11:g.26091582A>C"	"NM_000410.3:c.381A>C"	
6		"NC_000006.11:g.26091586G>A"	"NM_000410.3:c.385G>A"	
6		"NC_000006.11:g.26091615C>G"	"NM_000410.3:c.414C>G"	
6		"NC_000006.11:g.26091679delC"	"NM_000410.3:c.478delC"	
6		"NC_000006.11:g.26091703G>T"	"NM_000410.3:c.502G>T"	
6		"NC_000006.11:g.26091707G>A"	"NM_000410.3:c.506G>A"	
6		"NC_000006.11:g.26091728C>T"	"NM_000410.3:c.527C>T"	
6		"NC_000006.11:g.26091818G>T"	"NM_000410.3:c.616+1G>T"	
6		"NC_000006.11:g.26093144A>C"	"NM_000410.3:c.848A>C"	
6		"NC_000006.11:g.26093443G>T"	"NM_000410.3:c.989G>T"	
6		"NC_000006.11:g.26093461G>A"	"NM_000410.3:c.1006+1G>A"	
7	"rs80338891"	"NC_000007.13:g.100218512C>T"		"NP_003218.2:p.Gly792Arg"
7		"NC_000007.13:g.100218750C>T"	"NM_003227.3:c.2137-1G>A"	
7	"rs80338889"	"NC_000007.13:g.100224453T>G"	"NM_003227.3:c.2069A>C"	"NP_003218.2:p.Gln690Pro"
7		"NC_000007.13:g.100225010_100225021del"	"NM_003227.3:c.1861_1872del"	
7	"rs80338887"	"NC_000007.13:g.100225384delG"	"NM_003227.3:c.1665delC"	"NP_003218.2:p.Pro555fx"
7		"NC_000007.13:g.100225599T>C"	"NM_003227.3:c.1538-2A>G"	
7	"rs80338886"	"NC_000007.13:g.100225851A>C"	"NM_003227.3:c.1469T>G"	"NP_003218.2:p.Leu490Arg"
7	"rs80338885"	"NC_000007.13:g.100225917C>T"	"NM_003227.3:c.1403G>A"	"NP_003218.2:p.Arg468His"
7	"rs41303501"	"NC_000007.13:g.100226902C>T"		
7	"rs80338884"	"NC_000007.13:g.100226936C>T"	"NM_003227.3:c.1330G>A"	"NP_003218.2:p.Ala444Thr"
7		"NC_000007.13:g.100228549_100228551delGTT"	"NM_003227.3:c.1231_1233del"	
7	"rs80338882"	"NC_000007.13:g.100228596G>A"	"NM_003227.3:c.1186C>T"	"NP_003218.2:p.Arg396X"
7	"rs80338881"	"NC_000007.13:g.100229722G>A"	"NM_003227.3:c.949C>T"	"NP_003218.2:p.Gln317X"
7		"NC_000007.13:g.100230633G>C"	"NM_003227.3:c.840C>G"	
7	"rs80338880"	"NC_000007.13:g.100230723G>C"	"NM_003227.3:c.750C>G"	"NP_003218.2:p.Tyr250X"
7		"NC_000007.13:g.100231035T>C"	"NM_003227.3:c.614+4A>G"	
7	"rs80338879"	"NC_000007.13:g.100231138T>A"	"NM_003227.3:c.515A>T"	"NP_003218.2:p.Met172Lys"
7	"rs80338878"	"NC_000007.13:g.100238469G>A"		
7		"NC_000007.13:g.100238796_100238797insG"	"NM_003227.3:c.88_89insC"	
7	"rs80338876"	"NC_000007.13:g.100238821C>T"	"NM_003227.3:c.64G>A"	
19		"NC_000019.9:g.35773456G>A"		
19		"NC_000019.9:g.35775749_35775752delATGG"		
19	"rs104894695"	"NC_000019.9:g.35775856C>T"	"NM_021175.2:c.166C>T"	
19		"NC_000019.9:g.35775865C>G"	"NM_021175.2:c.175C>G"	
19		"NC_000019.9:g.35775898T>C"	"NM_021175.2:c.208T>C"	
19	"rs104894696"	"NC_000019.9:g.35775902G>A"	"NM_021175.2:c.212G>A"	
19		"NC_000019.9:g.35775923G>A"	"NM_021175.2:c.233G>A"	
23		"NC_000023.10:g.146993569_146993571CGG(5_3000)"	"NM_002024.5:r.101_103CGG(5_3000)"	
2			"NM_014585.5:r.164A>G"	
6			"NM_000410.3:c.196"	
6			"NM_000410.3:c.845"	
19			"NM_021175.2:r.164del"	
